id,rank,name,employees,previousrank,revenues,revenuechange,profits,profitschange,assets,marketvalue
2,1,Walmart,2300000,1,"$485,873 ",0.80%,"$13,643.00 ",-7.20%,"$198,825 ","$218,619 "
3,2,Berkshire Hathaway,367700,4,"$223,604 ",6.10%,"$24,074.00 ",0.00%,"$620,854 ","$411,035 "
4,3,Apple,116000,3,"$215,639 ",-7.70%,"$45,687.00 ",-14.40%,"$321,686 ","$753,718 "
5,4,Exxon Mobil,72700,2,"$205,004 ",-16.70%,"$7,840.00 ",-51.50%,"$330,314 ","$340,056 "
6,5,McKesson,68000,5,"$192,487 ",6.20%,"$2,258.00 ",53.00%,"$56,563 ","$31,439 "
7,6,UnitedHealth Group,230000,6,"$184,840 ",17.70%,"$7,017.00 ",20.70%,"$122,810 ","$157,793 "
8,7,CVS Health,204000,7,"$177,526 ",15.80%,"$5,317.00 ",1.50%,"$94,462 ","$81,310 "
9,8,General Motors,225000,8,"$166,380 ",9.20%,"$9,427.00 ",-2.70%,"$221,690 ","$52,968 "
10,9,AT&T,268540,10,"$163,786 ",11.60%,"$12,976.00 ",-2.80%,"$403,821 ","$255,679 "
11,10,Ford Motor,201000,9,"$151,800 ",1.50%,"$4,596.00 ",-37.70%,"$237,951 ","$46,349 "
12,11,AmerisourceBergen,18500,12,"$146,850 ",8.00%,"$1,427.90 ",-,"$33,656 ","$19,229 "
13,12,Amazon.com,341400,18,"$135,987 ",27.10%,"$2,371.00 ",297.80%,"$83,402 ","$423,031 "
14,13,General Electric,295000,11,"$126,661 ",-9.80%,"$8,831.00 ",-,"$365,183 ","$259,520 "
15,14,Verizon,160900,13,"$125,980 ",-4.30%,"$13,127.00 ",-26.60%,"$244,180 ","$198,900 "
16,15,Cardinal Health,37300,21,"$121,546 ",18.50%,"$1,427.00 ",17.40%,"$34,122 ","$25,725 "
17,16,Costco,172000,15,"$118,719 ",2.20%,"$2,350.00 ",-1.10%,"$33,163 ","$73,606 "
18,17,Walgreens Boots Alliance,300000,19,"$117,351 ",13.40%,"$4,173.00 ",-1.10%,"$72,688 ","$89,645 "
19,18,Kroger,443000,17,"$115,337 ",5.00%,"$1,975.00 ",-3.10%,"$36,505 ","$26,961 "
20,19,Chevron,55200,14,"$107,567 ",-18.00%,($497.00),-110.80%,"$260,078 ","$203,263 "
21,20,Fannie Mae,7000,16,"$107,162 ",-2.90%,"$12,313.00 ",12.40%,"$3,287,968 ","$3,011 "
22,21,J.P. Morgan Chase,243355,23,"$105,486 ",4.40%,"$24,733.00 ",1.20%,"$2,490,972 ","$313,761 "
23,22,Express Scripts Holding,25600,22,"$100,288 ",-1.40%,"$3,404.40 ",37.50%,"$51,745 ","$39,567 "
24,23,Home Depot,406000,28,"$94,595 ",6.90%,"$7,957.00 ",13.50%,"$42,966 ","$176,368 "
25,24,Boeing,150540,24,"$94,571 ",-1.60%,"$4,895.00 ",-5.40%,"$89,997 ","$107,546 "
26,25,Wells Fargo,269100,27,"$94,176 ",4.60%,"$21,938.00 ",-4.20%,"$1,930,115 ","$278,516 "
27,26,Bank of America Corp.,208024,26,"$93,662 ",0.70%,"$17,906.00 ",12.70%,"$2,187,702 ","$236,182 "
28,27,Alphabet,72053,36,"$90,272 ",20.40%,"$19,478.00 ",19.10%,"$167,497 ","$579,426 "
29,28,Microsoft,114000,25,"$85,320 ",-8.80%,"$16,798.00 ",37.80%,"$193,694 ","$508,935 "
30,29,Anthem,53000,33,"$84,863 ",7.20%,"$2,469.80 ",-3.50%,"$65,083 ","$43,813 "
31,30,Citigroup,219000,29,"$82,386 ",-6.70%,"$14,912.00 ",-13.50%,"$1,792,077 ","$165,394 "
32,31,Comcast,159000,37,"$80,403 ",7.90%,"$8,695.00 ",6.50%,"$180,500 ","$178,258 "
33,32,IBM,414400,31,"$79,919 ",-3.10%,"$11,872.00 ",-10.00%,"$117,470 ","$164,251 "
34,33,State Farm Insurance Cos.,68234,35,"$76,132 ",0.60%,$350.30 ,-94.40%,"$256,030 ",-
35,34,Phillips 66,14800,30,"$72,396 ",-16.90%,"$1,555.00 ",-63.20%,"$51,653 ","$40,954 "
36,35,Johnson & Johnson,126400,39,"$71,890 ",2.60%,"$16,540.00 ",7.30%,"$141,208 ","$337,642 "
37,36,Procter & Gamble,105000,34,"$71,726 ",-8.90%,"$10,508.00 ",49.30%,"$127,136 ","$229,700 "
38,37,Valero Energy,9996,32,"$70,166 ",-14.20%,"$2,289.00 ",-42.60%,"$46,173 ","$29,746 "
39,38,Target,323000,38,"$69,495 ",-5.80%,"$2,737.00 ",-18.60%,"$37,431 ","$30,502 "
40,39,Freddie Mac,5982,43,"$65,665 ",3.40%,"$7,815.00 ",22.60%,"$2,023,376 ","$1,612 "
41,40,Lowe,240000,47,"$65,017 ",10.10%,"$3,093.00 ",21.50%,"$34,408 ","$70,481 "
42,41,Dell Technologies,138000,,"$64,806 ",18.10%,"($1,672.00)",-,"$118,206 ",-
43,42,MetLife,58000,40,"$63,476 ",-9.30%,$800.00 ,-84.90%,"$898,764 ","$57,429 "
44,43,Aetna,49500,46,"$63,155 ",4.70%,"$2,271.00 ",-5.00%,"$69,146 ","$44,859 "
45,44,PepsiCo,264000,44,"$62,799 ",-0.40%,"$6,329.00 ",16.10%,"$74,129 ","$159,763 "
46,45,Archer Daniels Midland,31800,41,"$62,346 ",-7.90%,"$1,279.00 ",-30.80%,"$39,769 ","$26,274 "
47,46,UPS,335520,48,"$60,906 ",4.40%,"$3,431.00 ",-29.20%,"$40,377 ","$93,276 "
48,47,Intel,106000,51,"$59,387 ",7.30%,"$10,316.00 ",-9.70%,"$113,327 ","$170,539 "
49,48,Prudential Financial,49739,50,"$58,779 ",2.90%,"$4,368.00 ",-22.60%,"$783,962 ","$45,912 "
50,49,Albertsons Cos.,274000,,"$58,734 ",115.90%,($502.20),-,"$23,770 ",-
51,50,United Technologies,201600,45,"$57,244 ",-6.20%,"$5,055.00 ",-33.60%,"$89,706 ","$89,957 "
52,51,Marathon Petroleum,44460,42,"$55,858 ",-13.50%,"$1,174.00 ",-58.80%,"$44,413 ","$26,679 "
53,52,Disney,195000,53,"$55,632 ",6.00%,"$9,391.00 ",12.00%,"$92,033 ","$179,298 "
54,53,Humana,51600,52,"$54,379 ",0.20%,$614.00 ,-51.90%,"$25,396 ","$29,743 "
55,54,Pfizer,96500,55,"$52,824 ",8.10%,"$7,215.00 ",3.70%,"$171,615 ","$203,725 "
56,55,AIG,56400,49,"$52,367 ",-10.20%,($849.00),-138.70%,"$498,264 ","$61,154 "
57,56,Lockheed Martin,97000,60,"$50,658 ",9.80%,"$5,302.00 ",47.10%,"$47,806 ","$77,557 "
58,57,Sysco,51900,57,"$50,367 ",3.50%,$949.60 ,38.30%,"$16,722 ","$28,048 "
59,58,FedEx,335767,58,"$50,365 ",6.10%,"$1,820.00 ",73.30%,"$46,064 ","$52,178 "
60,59,Hewlett Packard Enterprise,195000,,"$50,123 ",-,"$3,161.00 ",-,"$79,679 ","$39,288 "
61,60,Cisco Systems,73700,54,"$49,247 ",0.20%,"$10,739.00 ",19.60%,"$121,652 ","$169,266 "
62,61,HP,49000,20,"$48,238 ",-53.30%,"$2,496.00 ",-45.20%,"$29,010 ","$30,231 "
63,62,Dow Chemical,56000,56,"$48,158 ",-1.30%,"$4,318.00 ",-43.80%,"$79,511 ","$77,460 "
64,63,HCA Holdings,210500,63,"$44,747 ",2.70%,"$2,890.00 ",35.70%,"$33,758 ","$32,966 "
65,64,Coca-Cola,100300,62,"$41,863 ",-5.50%,"$6,527.00 ",-11.20%,"$87,270 ","$182,153 "
66,65,New York Life Insurance,11320,61,"$40,787 ",-11.10%,"$1,088.10 ",324.10%,"$287,196 ",-
67,66,Centene,30500,124,"$40,721 ",78.60%,$562.00 ,58.30%,"$20,197 ","$12,271 "
68,67,American Airlines Group,122300,67,"$40,180 ",-2.00%,"$2,676.00 ",-64.80%,"$51,274 ","$21,326 "
69,68,Nationwide,34320,69,"$40,074 ",-0.40%,$334.30 ,-42.40%,"$197,790 ",-
70,69,Merck,68000,72,"$39,807 ",0.80%,"$3,920.00 ",-11.80%,"$95,377 ","$174,454 "
71,70,Cigna,41000,79,"$39,668 ",4.70%,"$1,867.00 ",-10.80%,"$59,360 ","$37,604 "
72,71,Delta Air Lines,83756,68,"$39,639 ",-2.60%,"$4,373.00 ",-3.40%,"$51,261 ","$33,586 "
73,72,Best Buy,125000,71,"$39,403 ",-0.90%,"$1,228.00 ",36.90%,"$13,856 ","$15,193 "
74,73,Honeywell International,131000,75,"$39,302 ",1.90%,"$4,809.00 ",0.90%,"$54,146 ","$94,991 "
75,74,Caterpillar,95400,59,"$38,537 ",-18.00%,($67.00),-103.20%,"$74,704 ","$54,402 "
76,75,Liberty Mutual Insurance Group,50000,73,"$38,308 ",-2.90%,"$1,006.00 ",95.70%,"$125,592 ",-
77,76,Morgan Stanley,55311,78,"$37,949 ",0.10%,"$5,979.00 ",-2.40%,"$814,949 ","$79,947 "
78,77,Massachusetts Mutual Life Insurance,11737,76,"$37,788 ",-1.20%,"$1,273.50 ",-10.60%,"$271,040 ",-
79,78,Goldman Sachs Group,34400,74,"$37,712 ",-3.80%,"$7,398.00 ",21.60%,"$860,165 ","$91,380 "
80,79,Energy Transfer Equity,30992,65,"$37,504 ",-11.00%,$995.00 ,-16.30%,"$79,011 ","$21,292 "
81,80,TIAA,12997,82,"$37,105 ",5.50%,"$1,492.30 ",22.90%,"$523,194 ",-
82,81,Oracle,136000,77,"$37,047 ",-3.10%,"$8,901.00 ",-10.40%,"$112,180 ","$183,556 "
83,82,Tyson Foods,114000,66,"$36,881 ",-10.90%,"$1,768.00 ",44.90%,"$22,373 ","$22,028 "
84,83,United Continental Holdings,88000,80,"$36,556 ",-3.50%,"$2,263.00 ",-69.20%,"$40,140 ","$22,225 "
85,84,Allstate,43275,81,"$36,534 ",2.50%,"$1,877.00 ",-13.50%,"$108,610 ","$29,754 "
86,85,Publix Super Markets,191000,87,"$34,274 ",5.10%,"$2,025.70 ",3.10%,"$17,464 ",-
87,86,American Express,56400,85,"$33,823 ",-1.80%,"$5,408.00 ",4.70%,"$158,893 ","$71,193 "
88,87,TJX,235000,89,"$33,184 ",7.20%,"$2,298.20 ",0.90%,"$12,884 ","$51,053 "
89,88,Nike,70700,91,"$32,376 ",5.80%,"$3,760.00 ",14.90%,"$21,396 ","$92,204 "
90,89,Exelon,34396,95,"$31,360 ",6.50%,"$1,134.00 ",-50.00%,"$114,904 ","$33,309 "
91,90,General Dynamics,98800,88,"$31,353 ",-0.40%,"$2,955.00 ",-0.30%,"$32,872 ","$56,791 "
92,91,Rite Aid,70580,107,"$30,737 ",15.90%,$165.50 ,-92.20%,"$11,277 ","$4,473 "
93,92,Gilead Sciences,9000,86,"$30,390 ",-6.90%,"$13,501.00 ",-25.40%,"$56,977 ","$88,788 "
94,93,CHS,12157,84,"$30,347 ",-12.20%,$424.20 ,-45.70%,"$17,318 ",-
95,94,3M,91584,93,"$30,109 ",-0.50%,"$5,050.00 ",4.50%,"$32,906 ","$114,338 "
96,95,Time Warner,25000,99,"$29,318 ",4.30%,"$3,926.00 ",2.40%,"$65,966 ","$75,660 "
97,96,Charter Communications,91500,292,"$29,003 ",197.30%,"$3,522.00 ",-,"$149,067 ","$100,595 "
98,97,Northwestern Mutual,5646,100,"$28,799 ",2.40%,$818.00 ,0.40%,"$250,441 ",-
99,98,Facebook,17048,157,"$27,638 ",54.20%,"$10,217.00 ",177.00%,"$64,961 ","$410,522 "
100,99,Travelers Cos.,30900,105,"$27,625 ",3.10%,"$3,014.00 ",-12.40%,"$100,245 ","$33,689 "
101,100,Capital One Financial,47300,112,"$27,519 ",9.60%,"$3,751.00 ",-7.40%,"$357,033 ","$41,831 "
102,101,Twenty-First Century Fox,21500,96,"$27,326 ",-5.70%,"$2,755.00 ",-66.80%,"$48,365 ","$59,949 "
103,102,USAA,29943,114,"$27,131 ",11.40%,"$1,779.10 ",-21.70%,"$147,290 ",-
104,103,World Fuel Services,5000,92,"$27,016 ",-11.10%,$126.50 ,-27.50%,"$5,413 ","$2,535 "
105,104,Philip Morris International,79500,106,"$26,685 ",-0.40%,"$6,967.00 ",1.40%,"$36,851 ","$175,349 "
106,105,Deere,56767,97,"$26,644 ",-7.70%,"$1,523.90 ",-21.40%,"$57,981 ","$34,648 "
107,106,Kraft Heinz,41000,153,"$26,487 ",44.40%,"$3,632.00 ",472.90%,"$120,480 ","$110,528 "
108,107,Tech Data,9500,108,"$26,235 ",-0.50%,$195.10 ,-26.60%,"$7,932 ","$3,569 "
109,108,Avnet,17700,102,"$26,219 ",-6.10%,$506.50 ,-11.40%,"$11,240 ","$5,898 "
110,109,Mondelez International,90000,102,"$25,923 ",-12.50%,"$1,659.00 ",-77.20%,"$61,538 ","$65,676 "
111,110,Macy,148300,103,"$25,778 ",-4.80%,$619.00 ,-42.30%,"$19,851 ","$9,046 "
112,111,AbbVie,30000,123,"$25,638 ",12.20%,"$5,953.00 ",15.70%,"$66,099 ","$103,838 "
113,112,McDonald,375000,109,"$24,622 ",-3.10%,"$4,686.50 ",3.50%,"$31,024 ","$106,150 "
114,113,DuPont,46000,101,"$24,594 ",-12.00%,"$2,513.00 ",28.70%,"$39,964 ","$69,451 "
115,114,Northrop Grumman,67000,118,"$24,508 ",4.20%,"$2,200.00 ",10.60%,"$25,614 ","$41,577 "
116,115,ConocoPhillips,13300,90,"$24,360 ",-21.30%,"($3,615.00)",-,"$89,772 ","$61,692 "
117,116,Raytheon,63000,120,"$24,069 ",3.50%,"$2,211.00 ",6.60%,"$30,052 ","$44,664 "
118,117,Tesoro,6308,98,"$24,005 ",-14.70%,$734.00 ,-52.30%,"$20,398 ","$9,515 "
119,118,Arrow Electronics,18700,119,"$23,825 ",2.30%,$522.80 ,5.00%,"$14,206 ","$6,546 "
120,119,Qualcomm,30500,110,"$23,554 ",-6.80%,"$5,705.00 ",8.20%,"$52,359 ","$84,694 "
121,120,Progressive,31721,137,"$23,441 ",12.40%,"$1,031.00 ",-18.70%,"$33,428 ","$22,760 "
122,121,Duke Energy,28798,115,"$23,369 ",-1.00%,"$2,152.00 ",-23.60%,"$132,761 ","$57,397 "
123,122,Enterprise Products Partners,6800,104,"$23,022 ",-14.80%,"$2,513.10 ",-0.30%,"$52,194 ","$58,522 "
124,123,Amgen,19200,130,"$22,991 ",6.10%,"$7,722.00 ",11.30%,"$77,626 ","$120,830 "
125,124,US Foods Holding,25000,122,"$22,919 ",-0.90%,$209.80 ,25.20%,"$8,945 ","$6,207 "
126,125,U.S. Bancorp,71191,131,"$22,744 ",5.80%,"$5,888.00 ",0.20%,"$445,964 ","$87,201 "
127,126,Aflac,10212,135,"$22,559 ",8.10%,"$2,659.00 ",5.00%,"$129,819 ","$29,053 "
128,127,Sears Holdings,140000,111,"$22,138 ",-12.00%,"($2,221.00)",-,"$9,362 ","$1,231 "
129,128,Dollar General,121000,139,"$21,987 ",7.90%,"$1,251.10 ",7.40%,"$11,672 ","$19,182 "
130,129,AutoNation,26000,136,"$21,609 ",3.60%,$430.50 ,-2.70%,"$10,060 ","$4,268 "
131,130,Community Health Systems,108000,125,"$21,374 ",-5.80%,"($1,721.00)",-,"$21,944 ","$1,010 "
132,131,Starbucks,254000,146,"$21,316 ",11.20%,"$2,817.70 ",2.20%,"$14,330 ","$85,092 "
133,132,Eli Lilly,41975,141,"$21,222 ",6.30%,"$2,737.60 ",13.70%,"$38,806 ","$92,803 "
134,133,International Paper,55000,127,"$21,079 ",-5.80%,$904.00 ,-3.60%,"$33,345 ","$20,884 "
135,134,Tenet Healthcare,116475,140,"$21,070 ",4.80%,($192.00),-,"$24,701 ","$1,777 "
136,135,Abbott Laboratories,75000,138,"$20,853 ",0.90%,"$1,400.00 ",-68.30%,"$52,666 ","$76,740 "
137,136,Dollar Tree,116050,180,"$20,719 ",33.70%,$896.20 ,217.40%,"$15,702 ","$18,540 "
138,137,Whirlpool,93000,134,"$20,718 ",-0.80%,$888.00 ,13.40%,"$19,153 ","$12,762 "
139,138,Southwest Airlines,53536,142,"$20,425 ",3.10%,"$2,244.00 ",2.90%,"$23,286 ","$33,076 "
140,139,Emerson Electric,103500,128,"$20,268 ",-9.10%,"$1,635.00 ",-39.70%,"$21,743 ","$38,614 "
141,140,Staples,61503,132,"$20,217 ",-4.00%,"($1,497.00)",-494.80%,"$8,271 ","$5,723 "
142,141,Plains GP Holdings,5100,121,"$20,182 ",-12.80%,$94.00 ,-20.30%,"$26,103 ","$9,127 "
143,142,Penske Automotive Group,24000,143,"$20,143 ",4.00%,$342.90 ,5.20%,"$8,861 ","$4,001 "
144,143,Union Pacific,42919,129,"$19,941 ",-8.60%,"$4,233.00 ",-11.30%,"$55,718 ","$85,911 "
145,144,Danaher,62000,133,"$19,912 ",-4.80%,"$2,553.70 ",-23.90%,"$45,295 ","$59,359 "
146,145,Southern,32015,162,"$19,896 ",13.80%,"$2,448.00 ",3.40%,"$109,697 ","$49,335 "
147,146,ManpowerGroup,28000,144,"$19,654 ",1.70%,$443.70 ,5.80%,"$7,574 ","$6,938 "
148,147,Bristol-Myers Squibb,25000,168,"$19,427 ",17.30%,"$4,457.00 ",184.80%,"$33,707 ","$89,591 "
149,148,Altria Group,8300,149,"$19,337 ",2.60%,"$14,239.00 ",171.70%,"$45,932 ","$138,513 "
150,149,Fluor,61551,155,"$19,037 ",5.10%,$281.40 ,-31.80%,"$9,216 ","$7,353 "
151,150,Kohl,85000,145,"$18,686 ",-2.70%,$556.00 ,-17.40%,"$13,574 ","$6,862 "
152,151,Lear,148400,154,"$18,558 ",1.90%,$975.10 ,30.80%,"$9,901 ","$9,726 "
153,152,Jabil Circuit,138000,158,"$18,353 ",2.50%,$254.10 ,-10.50%,"$10,323 ","$5,270 "
154,153,Hartford Financial Services Group,16900,152,"$18,300 ",-0.40%,$896.00 ,-46.70%,"$223,432 ","$17,795 "
155,154,Thermo Fisher Scientific,54800,164,"$18,274 ",7.70%,"$2,021.80 ",2.30%,"$45,908 ","$59,964 "
156,155,Kimberly-Clark,42000,151,"$18,202 ",-2.10%,"$2,166.00 ",113.80%,"$14,602 ","$46,828 "
157,156,Molina Healthcare,21000,201,"$17,782 ",25.40%,$52.00 ,-63.60%,"$7,449 ","$2,601 "
158,157,PG&E Corp.,24000,166,"$17,666 ",4.90%,"$1,393.00 ",59.40%,"$68,598 ","$33,696 "
159,158,Supervalu,38000,160,"$17,529 ",-1.60%,$178.00 ,-7.30%,"$4,370 ","$1,033 "
160,159,Cummins,55400,148,"$17,509 ",-8.40%,"$1,394.00 ",-0.40%,"$15,011 ","$25,397 "
161,160,CenturyLink,40000,159,"$17,470 ",-2.40%,$626.00 ,-28.70%,"$47,017 ","$12,883 "
162,161,AECOM,87000,156,"$17,411 ",-3.20%,$96.10 ,-,"$13,727 ","$5,528 "
163,162,Xerox,133600,150,"$17,126 ",-8.20%,($477.00),-200.60%,"$18,145 ","$7,462 "
164,163,Marriott International,226500,195,"$17,072 ",17.90%,$780.00 ,-9.20%,"$24,140 ","$36,124 "
165,164,Paccar,23000,147,"$17,033 ",-10.90%,$521.70 ,-67.50%,"$20,639 ","$23,604 "
166,165,General Mills,39000,161,"$16,563 ",-6.10%,"$1,697.40 ",39.00%,"$21,712 ","$33,998 "
167,166,PNC Financial Services Group,50683,171,"$16,423 ",0.90%,"$3,903.00 ",-4.90%,"$366,380 ","$58,455 "
168,167,American Electric Power,17634,165,"$16,380 ",-3.10%,$610.90 ,-70.20%,"$63,468 ","$33,009 "
169,168,Icahn Enterprises,90980,184,"$16,348 ",7.00%,"($1,128.00)",-,"$33,335 ","$7,989 "
170,169,Nucor,23900,170,"$16,208 ",-1.40%,$796.30 ,122.60%,"$15,224 ","$19,051 "
171,170,NextEra Energy,14700,163,"$16,155 ",-7.60%,"$2,912.00 ",5.80%,"$89,993 ","$60,099 "
172,171,Performance Food Group,13000,185,"$16,105 ",5.50%,$68.30 ,20.90%,"$3,455 ","$2,464 "
173,172,PBF Energy,3165,217,"$15,920 ",21.30%,$170.80 ,16.70%,"$7,622 ","$2,431 "
174,173,Halliburton,50000,117,"$15,887 ",-32.80%,"($5,763.00)",-,"$27,000 ","$42,662 "
175,174,CarMax,22429,191,"$15,833 ",6.40%,$623.40 ,4.40%,"$14,482 ","$11,081 "
176,175,Freeport-McMoRan,30000,175,"$15,789 ",-0.60%,"($4,154.00)",-,"$37,317 ","$19,310 "
177,176,Whole Foods Market,73515,181,"$15,724 ",2.20%,$507.00 ,-5.40%,"$6,341 ","$9,468 "
178,177,Bank of New York Mellon Corp.,52000,179,"$15,683 ",1.00%,"$3,547.00 ",12.30%,"$333,469 ","$48,913 "
179,178,Gap,135000,177,"$15,516 ",-1.80%,$676.00 ,-26.50%,"$7,610 ","$9,712 "
180,179,Omnicom Group,78500,186,"$15,417 ",1.90%,"$1,148.60 ",5.00%,"$23,165 ","$20,219 "
181,180,Genuine Parts,40000,183,"$15,340 ",0.40%,$687.20 ,-2.60%,"$8,859 ","$13,712 "
182,181,DaVita HealthCare Partners,70300,200,"$15,197 ",6.90%,$879.90 ,226.20%,"$18,741 ","$13,227 "
183,182,Colgate-Palmolive,36700,174,"$15,195 ",-5.20%,"$2,441.00 ",76.40%,"$12,123 ","$64,715 "
184,183,PPG Industries,47000,182,"$15,178 ",-1.00%,$877.00 ,-37.60%,"$15,769 ","$26,970 "
185,184,Goodyear Tire & Rubber,66000,169,"$15,158 ",-7.80%,"$1,264.00 ",311.70%,"$16,511 ","$9,070 "
186,185,Synchrony Financial,15000,,"$15,122 ",11.00%,"$2,251.00 ",1.70%,"$90,207 ","$27,810 "
187,186,DISH Network,16000,187,"$15,095 ",0.20%,"$1,449.90 ",94.10%,"$28,092 ","$29,547 "
188,187,Visa,14200,204,"$15,082 ",8.70%,"$5,991.00 ",-5.30%,"$64,035 ","$206,242 "
189,188,Nordstrom,72500,197,"$14,757 ",2.20%,$354.00 ,-41.00%,"$7,858 ","$7,770 "
190,189,INTL FCStone,1464,83,"$14,755 ",-57.50%,$54.70 ,-1.80%,"$5,951 ",$708 
191,190,WestRock,39000,251,"$14,706 ",29.20%,($396.30),-178.20%,"$23,038 ","$13,029 "
192,191,XPO Logistics,87000,353,"$14,619 ",91.80%,$69.00 ,-,"$11,698 ","$5,338 "
193,192,Aramark,217250,199,"$14,416 ",0.60%,$287.80 ,22.00%,"$10,582 ","$9,081 "
194,193,CBS,18410,203,"$14,386 ",3.60%,"$1,261.00 ",-10.80%,"$24,238 ","$28,405 "
195,194,AES,19000,190,"$14,287 ",-4.50%,"($1,130.00)",-469.30%,"$36,119 ","$7,371 "
196,195,WellCare Health Plans,7400,202,"$14,237 ",2.50%,$242.10 ,104.10%,"$6,153 ","$6,212 "
197,196,FirstEnergy,15707,188,"$14,156 ",-3.10%,"($6,177.00)",-,"$43,148 ","$14,118 "
198,197,ConAgra Foods,20900,176,"$14,134 ",-10.80%,($677.00),-,"$13,391 ","$17,557 "
199,198,Synnex,110000,212,"$14,062 ",5.40%,$234.90 ,12.70%,"$5,223 ","$4,469 "
200,199,CDW,8516,220,"$13,982 ",7.60%,$424.40 ,5.30%,"$6,948 ","$9,197 "
201,200,Textron,36000,209,"$13,788 ",2.70%,$962.00 ,38.00%,"$15,358 ","$12,851 "
202,201,Waste Management,41200,221,"$13,609 ",5.00%,"$1,182.00 ",57.00%,"$20,859 ","$32,216 "
203,202,Illinois Tool Works,50000,211,"$13,599 ",1.40%,"$2,035.00 ",7.20%,"$15,201 ","$45,791 "
204,203,Office Depot,38000,196,"$13,585 ",-6.20%,$529.00 ,-,"$5,540 ","$2,402 "
205,204,Monsanto,22450,189,"$13,502 ",-10.00%,"$1,336.00 ",-42.30%,"$19,736 ","$49,644 "
206,205,Cognizant Technology Solutions,260200,230,"$13,487 ",8.60%,"$1,553.00 ",-4.30%,"$14,262 ","$36,226 "
207,206,Texas Instruments,29865,219,"$13,370 ",2.80%,"$3,595.00 ",20.40%,"$16,431 ","$80,531 "
208,207,Lincoln National,9057,205,"$13,330 ",-1.80%,"$1,192.00 ",3.30%,"$261,627 ","$14,760 "
209,208,Newell Brands,53400,434,"$13,264 ",122.10%,$527.80 ,50.80%,"$33,838 ","$22,787 "
210,209,Land O,10000,215,"$13,233 ",0.60%,$244.90 ,-20.40%,"$8,305 ",-
211,210,Marsh & McLennan,60000,222,"$13,211 ",2.50%,"$1,768.00 ",10.60%,"$18,190 ","$38,078 "
212,211,Ecolab,47565,206,"$13,153 ",-2.90%,"$1,229.60 ",22.70%,"$18,330 ","$36,356 "
213,212,C.H. Robinson Worldwide,14125,208,"$13,144 ",-2.50%,$513.40 ,0.70%,"$3,688 ","$10,958 "
214,213,Loews,15800,210,"$13,105 ",-2.30%,$654.00 ,151.50%,"$76,594 ","$15,747 "
215,214,CBRE Group,75000,259,"$13,072 ",20.40%,$572.00 ,4.50%,"$10,780 ","$11,753 "
216,215,Kinder Morgan,11121,198,"$13,058 ",-9.30%,$708.00 ,179.80%,"$80,305 ","$48,533 "
217,216,Kellogg,37369,207,"$13,014 ",-3.80%,$694.00 ,13.00%,"$15,111 ","$25,417 "
218,217,Western Digital,72878,194,"$12,994 ",-10.80%,$242.00 ,-83.50%,"$32,862 ","$23,775 "
219,218,Guardian Life Ins. Co. of America,8876,226,"$12,919 ",2.30%,$263.90 ,-35.70%,"$70,339 ",-
220,219,Ross Stores,78600,237,"$12,867 ",7.80%,"$1,117.70 ",9.50%,"$5,309 ","$25,814 "
221,220,L Brands,59100,234,"$12,574 ",3.50%,"$1,158.10 ",-7.60%,"$8,170 ","$13,426 "
222,221,J.C. Penney,106000,228,"$12,547 ",-0.60%,$1.00 ,-,"$9,314 ","$1,901 "
223,222,Farmers Insurance Exchange,13309,227,"$12,513 ",-0.90%,($147.90),-,"$16,057 ",-
224,223,Reynolds American,5525,266,"$12,503 ",17.10%,"$6,073.00 ",86.70%,"$51,095 ","$89,862 "
225,224,Viacom,9650,213,"$12,488 ",-5.90%,"$1,438.00 ",-25.20%,"$22,508 ","$18,503 "
226,225,Becton Dickinson,50928,278,"$12,483 ",21.40%,$976.00 ,40.40%,"$25,586 ","$39,041 "
227,226,Micron Technology,31400,173,"$12,399 ",-23.40%,($276.00),-109.50%,"$27,540 ","$31,972 "
228,227,Principal Financial,14854,236,"$12,394 ",3.60%,"$1,316.50 ",6.70%,"$228,014 ","$18,143 "
229,228,Arconic,41500,126,"$12,394 ",-45.00%,($941.00),-,"$20,038 ","$11,604 "
230,229,NRG Energy,8763,193,"$12,351 ",-15.80%,($774.00),-,"$30,355 ","$5,911 "
231,230,VF,69000,231,"$12,207 ",-1.40%,"$1,074.10 ",-12.80%,"$9,739 ","$22,786 "
232,231,Devon Energy,3545,216,"$12,197 ",-7.20%,"($3,302.00)",-,"$25,913 ","$21,886 "
233,232,D.R. Horton,6976,260,"$12,157 ",12.30%,$886.30 ,18.10%,"$11,559 ","$12,438 "
234,233,Bed Bath & Beyond,62000,238,"$12,104 ",1.90%,$841.50 ,-12.10%,"$6,499 ","$5,931 "
235,234,Consolidated Edison,14960,229,"$12,075 ",-3.80%,"$1,245.00 ",4.40%,"$48,255 ","$23,708 "
236,235,Edison International,12390,246,"$11,869 ",3.00%,"$1,311.00 ",28.50%,"$51,319 ","$25,938 "
237,236,Sherwin-Williams,42550,253,"$11,856 ",4.60%,"$1,132.70 ",7.50%,"$6,753 ","$28,891 "
238,237,NGL Energy Partners,3200,167,"$11,742 ",-30.10%,($198.90),-633.20%,"$5,560 ","$2,686 "
239,238,Dominion Resources,16200,243,"$11,737 ",0.50%,"$2,123.00 ",11.80%,"$71,610 ","$48,732 "
240,239,Ameriprise Financial,13195,232,"$11,735 ",-3.80%,"$1,314.00 ",-15.90%,"$139,821 ","$19,953 "
241,240,ADP,57000,248,"$11,668 ",1.70%,"$1,492.50 ",2.80%,"$43,670 ","$45,963 "
242,241,Hilton Worldwide Holdings,169000,254,"$11,663 ",3.50%,$348.00 ,-75.20%,"$26,211 ","$19,276 "
243,242,First Data,24000,249,"$11,584 ",1.20%,$420.00 ,-,"$40,292 ","$14,224 "
244,243,Henry Schein,21000,268,"$11,572 ",8.90%,$506.80 ,5.80%,"$6,730 ","$13,461 "
245,244,Toys ,64000,240,"$11,540 ",-2.20%,($36.00),-,"$6,908 ",-
246,245,BB&T Corp.,37500,273,"$11,538 ",11.50%,"$2,426.00 ",16.40%,"$219,276 ","$36,141 "
247,246,Reinsurance Group of America,2371,271,"$11,522 ",10.60%,$701.40 ,39.70%,"$53,098 ","$8,169 "
248,247,Core-Mark Holding,7688,317,"$11,507 ",29.90%,$54.20 ,5.20%,"$1,497 ","$1,445 "
249,248,Biogen,7400,263,"$11,449 ",6.40%,"$3,702.80 ",4.40%,"$22,877 ","$59,046 "
250,249,Las Vegas Sands,49000,241,"$11,410 ",-2.40%,"$1,670.00 ",-15.10%,"$20,469 ","$45,313 "
251,250,Stanley Black & Decker,54023,256,"$11,407 ",1.70%,$965.30 ,9.20%,"$15,635 ","$20,280 "
252,251,Parker-Hannifin,48950,224,"$11,361 ",-10.60%,$806.80 ,-20.30%,"$12,057 ","$21,370 "
253,252,Stryker,33000,287,"$11,325 ",13.90%,"$1,647.00 ",14.50%,"$20,435 ","$49,115 "
254,253,Estee Lauder,46000,261,"$11,262 ",4.50%,"$1,114.60 ",2.40%,"$9,223 ","$31,068 "
255,254,Celgene,7132,305,"$11,229 ",21.30%,"$1,999.20 ",24.80%,"$28,086 ","$96,802 "
256,255,BlackRock,13000,250,"$11,155 ",-2.20%,"$3,172.00 ",-5.20%,"$220,177 ","$62,225 "
257,256,Xcel Energy,11476,257,"$11,107 ",0.70%,"$1,123.40 ",14.10%,"$41,155 ","$22,546 "
258,257,CSX,26628,239,"$11,069 ",-6.30%,"$1,714.00 ",-12.90%,"$35,414 ","$43,126 "
259,258,Unum Group,9400,265,"$11,047 ",2.90%,$931.40 ,7.40%,"$61,942 ","$10,749 "
260,259,Jacobs Engineering Group,49350,235,"$10,964 ",-9.50%,$210.50 ,-30.50%,"$7,360 ","$6,693 "
261,260,Lennar,8335,301,"$10,950 ",15.60%,$911.80 ,13.60%,"$15,362 ","$12,002 "
262,261,Group 1 Automotive,13500,267,"$10,888 ",2.40%,$147.10 ,56.50%,"$4,462 ","$1,584 "
263,262,Leucadia National,13000,242,"$10,875 ",-6.90%,$130.00 ,-54.20%,"$45,071 ","$9,355 "
264,263,Entergy,13513,247,"$10,846 ",-5.80%,($583.60),-,"$45,904 ","$13,685 "
265,264,PayPal Holdings,18100,307,"$10,842 ",17.20%,"$1,401.00 ",14.10%,"$33,103 ","$51,650 "
266,265,Applied Materials,16150,295,"$10,825 ",12.10%,"$1,721.00 ",25.00%,"$14,588 ","$42,005 "
267,266,Voya Financial,6700,252,"$10,782 ",-4.90%,($428.00),-204.80%,"$214,235 ","$7,191 "
268,267,MasterCard,11900,294,"$10,776 ",11.50%,"$4,059.00 ",6.60%,"$18,675 ","$121,234 "
269,268,Priceline Group,18500,308,"$10,743 ",16.50%,"$2,135.00 ",-16.30%,"$19,839 ","$87,522 "
270,269,Liberty Interactive,21080,284,"$10,647 ",6.60%,"$1,235.00 ",42.10%,"$20,355 ","$9,101 "
271,270,AutoZone,66780,280,"$10,636 ",4.40%,"$1,241.00 ",7.00%,"$8,600 ","$20,540 "
272,271,State Street Corp.,33783,264,"$10,635 ",-1.20%,"$2,143.00 ",8.20%,"$242,698 ","$30,406 "
273,272,DTE Energy,10000,274,"$10,630 ",2.80%,$868.00 ,19.40%,"$32,041 ","$18,317 "
274,273,L-3 Communications,38000,245,"$10,597 ",-8.30%,$710.00 ,-,"$11,865 ","$12,859 "
275,274,HollyFrontier,2676,214,"$10,536 ",-20.40%,($260.50),-135.20%,"$9,436 ","$5,048 "
276,275,Praxair,26498,262,"$10,534 ",-2.20%,"$1,500.00 ",-3.00%,"$19,332 ","$33,834 "
277,276,Universal Health Services,70863,290,"$10,508 ",7.40%,$702.40 ,3.20%,"$10,318 ","$12,022 "
278,277,Discover Financial Services,15549,283,"$10,497 ",4.90%,"$2,393.00 ",4.20%,"$92,308 ","$26,255 "
279,278,Occidental Petroleum,11000,225,"$10,398 ",-18.10%,($574.00),-,"$43,109 ","$48,444 "
280,279,United States Steel,29800,244,"$10,261 ",-11.30%,($440.00),-,"$9,160 ","$5,893 "
281,280,Sempra Energy,16575,279,"$10,183 ",-0.50%,"$1,370.00 ",1.60%,"$47,786 ","$27,692 "
282,281,Baxter International,48000,286,"$10,163 ",2.00%,"$4,965.00 ",412.90%,"$15,546 ","$28,106 "
283,282,W.W. Grainger,25000,285,"$10,137 ",1.60%,$605.90 ,-21.20%,"$5,694 ","$13,668 "
284,283,Autoliv,65900,310,"$10,074 ",9.90%,$567.10 ,24.10%,"$8,234 ","$9,032 "
285,284,Norfolk Southern,27856,270,"$9,888 ",-5.90%,"$1,668.00 ",7.20%,"$34,892 ","$32,515 "
286,285,Baker Hughes,33000,178,"$9,841 ",-37.50%,"($2,738.00)",-,"$19,034 ","$25,444 "
287,286,Ally Financial,7600,298,"$9,835 ",3.10%,"$1,067.00 ",-17.20%,"$163,728 ","$9,437 "
288,287,Sonic Automotive,9800,297,"$9,732 ",1.10%,$93.20 ,8.00%,"$3,639 ",$900 
289,288,Owens & Minor,7900,291,"$9,723 ",-0.50%,$108.80 ,5.20%,"$2,718 ","$2,114 "
290,289,Huntsman,15000,277,"$9,657 ",-6.20%,$326.00 ,250.50%,"$9,189 ","$5,880 "
291,290,Laboratory Corp. of America,52000,325,"$9,642 ",11.10%,$732.10 ,67.60%,"$14,247 ","$14,696 "
292,291,Murphy USA,6600,258,"$9,633 ",-11.50%,$221.50 ,25.60%,"$2,089 ","$2,706 "
293,292,Advance Auto Parts,57500,293,"$9,568 ",-1.70%,$459.60 ,-2.90%,"$8,315 ","$10,944 "
294,293,Fidelity National Financial,55219,311,"$9,554 ",4.60%,$650.00 ,23.30%,"$14,463 ","$10,600 "
295,294,Air Products & Chemicals,18450,288,"$9,524 ",-3.70%,$631.10 ,-50.60%,"$18,055 ","$29,438 "
296,295,Hormel Foods,21100,304,"$9,523 ",2.80%,$890.10 ,29.70%,"$6,370 ","$18,316 "
297,296,Hertz Global Holdings,36000,269,"$9,480 ",-10.00%,($491.00),-279.90%,"$19,155 ","$1,456 "
298,297,MGM Resorts International,66500,309,"$9,455 ",2.90%,"$1,101.40 ",-,"$28,173 ","$15,733 "
299,298,Corning,40700,313,"$9,390 ",3.10%,"$3,695.00 ",176.00%,"$27,899 ","$25,030 "
300,299,Republic Services,33000,312,"$9,388 ",3.00%,$612.60 ,-18.30%,"$20,630 ","$21,312 "
301,300,Alcoa,14000,,"$9,318 ",-,($400.00),-,"$16,741 ","$6,337 "
302,301,Fidelity National Information Services,55000,392,"$9,241 ",40.10%,$568.00 ,-10.10%,"$26,031 ","$26,178 "
303,302,Pacific Life,3628,326,"$9,169 ",6.10%,$824.00 ,24.70%,"$143,298 ",-
304,303,SunTrust Banks,24375,329,"$9,161 ",7.40%,"$1,878.00 ",-2.80%,"$204,875 ","$27,175 "
305,304,LKQ,42500,369,"$9,082 ",26.30%,$464.00 ,9.60%,"$8,303 ","$9,021 "
306,305,BorgWarner,27000,339,"$9,071 ",13.10%,$118.50 ,-80.60%,"$8,835 ","$8,895 "
307,306,Ball,18450,341,"$9,061 ",13.30%,$263.00 ,-6.40%,"$16,173 ","$13,000 "
308,307,CST Brands,12380,299,"$9,061 ",-4.60%,$324.00 ,117.40%,"$4,360 ","$3,645 "
309,308,Public Service Enterprise Group,13065,272,"$9,061 ",-13.00%,$887.00 ,-47.20%,"$40,070 ","$22,451 "
310,309,Eastman Chemical,14000,296,"$9,008 ",-6.60%,$854.00 ,0.70%,"$15,457 ","$11,783 "
311,310,eBay,12600,300,"$8,979 ",-5.40%,"$7,266.00 ",321.20%,"$23,847 ","$36,232 "
312,311,Mohawk Industries,37800,338,"$8,959 ",11.00%,$930.40 ,51.20%,"$10,231 ","$17,025 "
313,312,Oneok,2384,348,"$8,921 ",14.90%,$352.00 ,43.70%,"$16,139 ","$11,684 "
314,313,Frontier Communications,28332,461,"$8,896 ",59.50%,($373.00),-,"$29,013 ","$2,521 "
315,314,Netflix,3850,379,"$8,831 ",30.30%,$186.70 ,52.20%,"$13,587 ","$63,619 "
316,315,American Family Insurance Group,10471,332,"$8,829 ",6.60%,$325.60 ,-53.10%,"$22,662 ",-
317,316,Thrivent Financial for Lutherans,3282,318,"$8,777 ",-0.10%,$587.80 ,-23.60%,"$88,561 ",-
318,317,Expedia,20075,385,"$8,774 ",31.50%,$281.80 ,-63.10%,"$15,778 ","$18,901 "
319,318,Lithia Motors,11170,346,"$8,678 ",10.30%,$197.10 ,7.70%,"$3,844 ","$2,156 "
320,319,Avis Budget Group,25600,330,"$8,659 ",1.80%,$163.00 ,-47.90%,"$17,643 ","$2,528 "
321,320,Reliance Steel & Aluminum,14500,303,"$8,613 ",-7.90%,$304.30 ,-2.30%,"$7,411 ","$5,830 "
322,321,GameStop,41750,302,"$8,608 ",-8.10%,$353.20 ,-12.30%,"$4,976 ","$2,282 "
323,322,Tenneco,31000,334,"$8,599 ",4.80%,$363.00 ,47.00%,"$4,342 ","$3,390 "
324,323,O,58397,342,"$8,593 ",7.90%,"$1,037.70 ",11.40%,"$7,204 ","$24,730 "
325,324,Peter Kiewit Sons,20000,314,"$8,573 ",-4.70%,$396.00 ,57.80%,"$6,179 ",-
326,325,United Natural Foods,9554,335,"$8,470 ",3.50%,$125.80 ,-9.30%,"$2,852 ","$2,187 "
327,326,salesforce.com,25000,386,"$8,392 ",25.90%,$179.60 ,-,"$17,585 ","$58,362 "
328,327,Boston Scientific,27000,359,"$8,386 ",12.20%,$347.00 ,-,"$18,096 ","$34,046 "
329,328,Newmont Mining,12438,349,"$8,379 ",8.40%,($627.00),-385.00%,"$21,031 ","$17,518 "
330,329,Genworth Financial,3400,306,"$8,369 ",-9.50%,($277.00),-,"$104,658 ","$2,056 "
331,330,Live Nation Entertainment,11500,366,"$8,355 ",15.30%,$2.90 ,-,"$6,764 ","$6,219 "
332,331,Veritiv,8700,323,"$8,327 ",-4.50%,$21.00 ,-21.30%,"$2,484 ",$813 
333,332,News Corp.,24000,327,"$8,319 ",-3.60%,$179.00 ,-,"$15,483 ","$7,559 "
334,333,Crown Holdings,23992,321,"$8,284 ",-5.50%,$496.00 ,26.20%,"$9,599 ","$7,367 "
335,334,Global Partners,1770,276,"$8,240 ",-20.10%,($199.40),-557.80%,"$2,564 ",$663 
336,335,PVH,26650,340,"$8,203 ",2.30%,$549.00 ,-4.10%,"$11,068 ","$8,092 "
337,336,Level 3 Communications,12600,333,"$8,172 ",-0.70%,$677.00 ,-80.30%,"$24,888 ","$20,638 "
338,337,Navistar International,11300,281,"$8,111 ",-20.00%,($97.00),-,"$5,653 ","$2,416 "
339,338,Univar,8700,315,"$8,074 ",-10.10%,($68.40),-514.50%,"$5,390 ","$4,293 "
340,339,Campbell Soup,16500,337,"$7,961 ",-1.50%,$563.00 ,-18.50%,"$7,837 ","$17,423 "
341,340,Dick,27550,365,"$7,922 ",9.00%,$287.40 ,-13.00%,"$4,058 ","$5,489 "
342,341,Weyerhaeuser,10400,373,"$7,902 ",11.60%,"$1,027.00 ",103.00%,"$19,243 ","$25,451 "
343,342,Mutual of Omaha Insurance,5732,367,"$7,899 ",9.20%,$356.60 ,7.10%,"$38,465 ",-
344,343,Chesapeake Energy,3300,223,"$7,872 ",-38.30%,"($4,401.00)",-,"$13,028 ","$5,394 "
345,344,Anadarko Petroleum,4500,324,"$7,869 ",-9.50%,"($3,071.00)",-,"$45,564 ","$34,640 "
346,345,Interpublic Group,49800,355,"$7,847 ",3.10%,$608.50 ,33.90%,"$12,485 ","$9,648 "
347,346,J.M. Smucker,6910,452,"$7,811 ",37.20%,$688.70 ,99.70%,"$15,984 ","$15,263 "
348,347,Steel Dynamics,7695,356,"$7,777 ",2.40%,$382.10 ,-,"$6,424 ","$8,425 "
349,348,Foot Locker,32965,361,"$7,766 ",4.80%,$664.00 ,22.70%,"$3,840 ","$9,818 "
350,349,Western Refining,7134,289,"$7,743 ",-20.90%,$124.90 ,-69.30%,"$5,560 ","$3,812 "
351,350,SpartanNash,11500,351,"$7,735 ",1.10%,$56.80 ,-9.40%,"$1,930 ","$1,313 "
352,351,Dean Foods,17000,336,"$7,710 ",-5.10%,$119.90 ,-,"$2,606 ","$1,786 "
353,352,Zimmer Biomet Holdings,18500,431,"$7,684 ",28.10%,$305.90 ,108.10%,"$26,684 ","$24,571 "
354,353,PulteGroup,4623,433,"$7,669 ",28.20%,$602.70 ,22.00%,"$10,178 ","$7,466 "
355,354,W.R. Berkley,7608,368,"$7,654 ",6.20%,$601.90 ,19.50%,"$23,365 ","$8,561 "
356,355,Quanta Services,28100,352,"$7,651 ",0.20%,$198.40 ,-36.20%,"$5,354 ","$5,386 "
357,356,EOG Resources,2650,322,"$7,651 ",-12.60%,"($1,096.70)",-,"$29,459 ","$56,302 "
358,357,Charles Schwab,16200,401,"$7,644 ",17.60%,"$1,889.00 ",30.50%,"$223,383 ","$54,555 "
359,358,Eversource Energy,7762,343,"$7,639 ",-4.00%,$942.30 ,7.30%,"$32,053 ","$18,627 "
360,359,Anixter International,8900,391,"$7,625 ",15.60%,$120.50 ,-5.60%,"$4,094 ","$2,626 "
361,360,EMCOR Group,31000,381,"$7,552 ",12.30%,$181.90 ,5.60%,"$3,894 ","$3,756 "
362,361,Assurant,14700,275,"$7,532 ",-27.10%,$565.40 ,299.40%,"$29,709 ","$5,298 "
363,362,CenterPoint Energy,7727,363,"$7,528 ",1.90%,$432.00 ,-,"$21,829 ","$11,882 "
364,363,Harris,21000,505,"$7,527 ",48.10%,$324.00 ,-3.00%,"$11,996 ","$13,849 "
365,364,HD Supply Holdings,14000,320,"$7,524 ",-14.30%,$196.00 ,-86.70%,"$5,707 ","$8,296 "
366,365,PPL,12689,350,"$7,517 ",-2.00%,"$1,902.00 ",178.90%,"$38,315 ","$25,448 "
367,366,Quest Diagnostics,43000,358,"$7,515 ",0.30%,$645.00 ,-9.00%,"$10,100 ","$13,501 "
368,367,Williams,5604,364,"$7,499 ",1.90%,($424.00),-,"$46,835 ","$24,436 "
369,368,WEC Energy Group,8074,437,"$7,472 ",26.10%,$939.00 ,47.10%,"$30,123 ","$19,134 "
370,369,Hershey,17140,362,"$7,440 ",0.70%,$720.00 ,40.40%,"$5,524 ","$23,236 "
371,370,AGCO,19795,360,"$7,411 ",-0.80%,$160.10 ,-39.90%,"$7,168 ","$4,783 "
372,371,Ralph Lauren,20500,354,"$7,405 ",-2.80%,$396.00 ,-43.60%,"$6,213 ","$6,710 "
373,372,Masco,26000,345,"$7,357 ",-6.90%,$491.00 ,38.30%,"$5,137 ","$10,888 "
374,373,WESCO International,9000,357,"$7,336 ",-2.40%,$101.60 ,-51.80%,"$4,491 ","$3,389 "
375,374,LifePoint Health,47000,430,"$7,274 ",20.90%,$121.90 ,-33.00%,"$6,319 ","$2,616 "
376,375,National Oilwell Varco,36384,192,"$7,251 ",-50.90%,"($2,412.00)",-,"$21,140 ","$15,183 "
377,376,Kindred Healthcare,76650,372,"$7,227 ",1.80%,($664.20),-,"$6,113 ",$711 
378,377,Mosaic,8700,316,"$7,163 ",-19.50%,$297.80 ,-70.20%,"$16,841 ","$10,242 "
379,378,Alliance Data Systems,17000,404,"$7,138 ",10.80%,$515.80 ,-13.50%,"$25,514 ","$13,925 "
380,379,Computer Sciences,59000,233,"$7,106 ",-41.70%,$251.00 ,-,"$7,736 ","$9,746 "
381,380,Huntington Ingalls Industries,37000,378,"$7,068 ",0.70%,$573.00 ,41.80%,"$6,352 ","$9,265 "
382,381,Leidos Holdings,32000,504,"$7,043 ",38.50%,$244.00 ,-3.90%,"$9,132 ","$7,696 "
383,382,Erie Insurance Group,4988,411,"$7,016 ",5.70%,$741.90 ,10.70%,"$18,417 ",-
384,383,Tesla,30025,588,"$7,000 ",73.00%,($674.90),-,"$22,664 ","$45,390 "
385,384,Ascena Retail Group,41000,523,"$6,995 ",45.60%,($11.90),-,"$5,506 ",$830 
386,385,Darden Restaurants,150942,371,"$6,934 ",-3.20%,$375.00 ,-47.10%,"$4,583 ","$10,389 "
387,386,Harman International Industries,26000,419,"$6,912 ",12.30%,$361.70 ,5.60%,"$6,054 ",-
388,387,Nvidia,10299,508,"$6,910 ",37.90%,"$1,666.00 ",171.30%,"$9,841 ","$64,160 "
389,388,R.R. Donnelley & Sons,44360,255,"$6,896 ",-38.70%,($495.90),-428.20%,"$4,285 ",$846 
390,389,Fifth Third Bancorp,17844,376,"$6,889 ",-2.00%,"$1,564.00 ",-8.60%,"$142,177 ","$19,066 "
391,390,Quintiles Transnational Holdings,50000,447,"$6,878 ",19.90%,$115.00 ,-70.30%,"$21,208 ","$18,999 "
392,391,Jones Lang LaSalle,77300,436,"$6,804 ",14.00%,$318.20 ,-27.50%,"$7,629 ","$5,043 "
393,392,Dover,29000,377,"$6,794 ",-3.30%,$508.90 ,-41.50%,"$10,116 ","$12,502 "
394,393,Spirit AeroSystems Holdings,14400,389,"$6,793 ",2.20%,$469.70 ,-40.40%,"$5,405 ","$6,900 "
395,394,Ryder System,34500,395,"$6,787 ",3.30%,$262.50 ,-13.90%,"$10,903 ","$3,992 "
396,395,A-Mark Precious Metals,83000,426,"$6,784 ",11.80%,$9.30 ,31.50%,$437 ,$120 
397,396,Tractor Supply,19500,415,"$6,780 ",8.90%,$437.10 ,6.50%,"$2,675 ","$8,960 "
398,397,Sealed Air,23000,375,"$6,778 ",-3.60%,$486.40 ,45.00%,"$7,389 ","$8,432 "
399,398,Auto-Owners Insurance,4737,398,"$6,775 ",4.00%,$706.30 ,-13.40%,"$21,571 ",-
400,399,Yum China Holdings,420000,,"$6,752 ",-,$502.00 ,-,"$3,727 ","$10,453 "
401,400,Calpine,2372,402,"$6,716 ",3.80%,$92.00 ,-60.90%,"$19,317 ","$3,989 "
402,401,Owens-Illinois,27000,418,"$6,702 ",8.90%,$209.00 ,54.80%,"$9,135 ","$3,316 "
403,402,Targa Resources,1970,387,"$6,691 ",0.50%,($187.30),-421.30%,"$12,871 ","$11,743 "
404,403,JetBlue Airways,15986,405,"$6,632 ",3.40%,$759.00 ,12.10%,"$9,487 ","$6,875 "
405,404,Jones Financial,43000,382,"$6,632 ",-0.90%,$746.00 ,-11.00%,"$19,424 ",-
406,405,Franklin Resources,9059,344,"$6,618 ",-16.70%,"$1,726.70 ",-15.20%,"$16,099 ","$23,823 "
407,406,Activision Blizzard,9500,532,"$6,608 ",41.70%,$966.00 ,8.30%,"$17,452 ","$37,487 "
408,407,J.B. Hunt Transport Services,22190,416,"$6,556 ",5.90%,$432.10 ,1.10%,"$3,829 ","$10,212 "
409,408,Constellation Brands,9000,429,"$6,548 ",8.60%,"$1,054.90 ",25.70%,"$16,965 ","$31,775 "
410,409,NCR,33500,409,"$6,543 ",2.70%,$270.00 ,-,"$7,673 ","$5,620 "
411,410,Asbury Automotive Group,7900,393,"$6,528 ",-0.90%,$167.20 ,-1.20%,"$2,336 ","$1,271 "
412,411,American Financial Group,7600,421,"$6,498 ",5.70%,$649.00 ,84.40%,"$55,072 ","$8,303 "
413,412,Discovery Communications,7000,406,"$6,497 ",1.60%,"$1,194.00 ",15.50%,"$15,758 ","$11,306 "
414,413,Berry Global Group,21000,518,"$6,489 ",32.90%,$236.00 ,174.40%,"$7,653 ","$6,256 "
415,414,Sanmina,40178,408,"$6,481 ",1.70%,$187.80 ,-50.20%,"$3,625 ","$3,016 "
416,415,CalAtlantic Group,3055,640,"$6,477 ",83.00%,$484.70 ,127.00%,"$8,709 ","$4,291 "
417,416,Dr Pepper Snapple Group,20000,413,"$6,440 ",2.50%,$847.00 ,10.90%,"$9,791 ","$17,997 "
418,417,Dillard,30800,380,"$6,418 ",-5.00%,$169.20 ,-37.20%,"$3,888 ","$1,645 "
419,418,HRG Group,16021,441,"$6,403 ",10.10%,($198.80),-,"$35,793 ","$3,869 "
420,419,CMS Energy,7750,403,"$6,399 ",-0.90%,$551.00 ,5.40%,"$21,622 ","$12,528 "
421,420,Graybar Electric,8500,423,"$6,385 ",4.50%,$93.10 ,2.20%,"$2,099 ",-
422,421,Builders FirstSource,14000,637,"$6,367 ",78.60%,$144.30 ,-,"$2,910 ","$1,669 "
423,422,Yum Brands,90000,218,"$6,366 ",-51.40%,"$1,619.00 ",25.20%,"$5,478 ","$22,611 "
424,423,Casey,24724,374,"$6,304 ",-10.60%,$226.00 ,25.10%,"$2,726 ","$4,400 "
425,424,Amphenol,62000,462,"$6,286 ",12.90%,$822.90 ,7.80%,"$8,499 ","$21,897 "
426,425,Oshkosh,13800,424,"$6,279 ",3.00%,$216.40 ,-5.70%,"$4,514 ","$5,118 "
427,426,iHeartMedia,18700,414,"$6,274 ",0.50%,($296.30),-,"$12,862 ",$330 
428,427,TreeHouse Foods,16027,686,"$6,175 ",92.60%,($228.60),-298.90%,"$6,546 ","$4,813 "
429,428,Alleghany,3420,509,"$6,131 ",22.60%,$456.90 ,-18.50%,"$23,757 ","$9,476 "
430,429,Expeditors International of Washington,16000,390,"$6,098 ",-7.80%,$430.80 ,-5.80%,"$2,791 ","$10,208 "
431,430,Avery Dennison,25000,435,"$6,087 ",2.00%,$320.70 ,16.90%,"$4,396 ","$7,157 "
432,431,Ameren,8629,425,"$6,076 ",-0.40%,$653.00 ,3.70%,"$24,699 ","$13,245 "
433,432,Hanesbrands,67800,448,"$6,063 ",5.80%,$539.40 ,25.80%,"$6,908 ","$7,733 "
434,433,Motorola Solutions,14000,451,"$6,038 ",6.00%,$560.00 ,-8.20%,"$8,463 ","$14,131 "
435,434,St. Jude Medical,18000,465,"$6,004 ",8.40%,$734.00 ,-16.60%,"$12,578 ",-
436,435,Harley-Davidson,6000,432,"$5,997 ",-,$692.20 ,-8.00%,"$9,890 ","$10,626 "
437,436,Regions Financial,22166,453,"$5,967 ",5.20%,"$1,163.00 ",9.50%,"$125,968 ","$17,512 "
438,437,Intercontinental Exchange,5631,529,"$5,958 ",27.30%,"$1,422.00 ",11.60%,"$82,003 ","$35,530 "
439,438,Alaska Air Group,19112,459,"$5,931 ",5.90%,$814.00 ,-4.00%,"$9,962 ","$11,407 "
440,439,Old Republic International,8500,442,"$5,901 ",2.30%,$466.90 ,10.60%,"$18,592 ","$5,382 "
441,440,Lam Research,7500,491,"$5,886 ",11.90%,$914.00 ,39.40%,"$12,272 ","$20,903 "
442,441,AK Steel Holding,8500,383,"$5,883 ",-12.10%,($7.80),-,"$4,036 ","$2,263 "
443,442,Rockwell Automation,22000,412,"$5,880 ",-6.80%,$729.70 ,-11.80%,"$7,101 ","$20,024 "
444,443,Adobe Systems,15706,524,"$5,854 ",22.10%,"$1,168.80 ",85.70%,"$12,707 ","$64,375 "
445,444,Avon Products,26400,370,"$5,853 ",-18.40%,($107.60),-,"$3,419 ","$1,933 "
446,445,Terex,18100,396,"$5,841 ",-10.70%,($176.10),-220.70%,"$5,007 ","$3,250 "
447,446,NVR,4900,498,"$5,835 ",12.90%,$425.30 ,11.10%,"$2,644 ","$7,851 "
448,447,Dana Holding,24900,428,"$5,826 ",-3.90%,$640.00 ,302.50%,"$4,860 ","$2,783 "
449,448,Realogy Holdings,11800,449,"$5,810 ",1.80%,$213.00 ,15.80%,"$7,421 ","$4,173 "
450,449,American Tower,4507,526,"$5,786 ",21.30%,$956.40 ,39.60%,"$30,879 ","$51,921 "
451,450,Packaging Corp. of America,14000,446,"$5,779 ",0.60%,$449.60 ,2.90%,"$5,777 ","$8,631 "
452,451,Citizens Financial Group,17600,486,"$5,763 ",9.20%,"$1,045.00 ",24.40%,"$149,520 ","$17,597 "
453,452,United Rentals,12500,440,"$5,762 ",-0.90%,$566.00 ,-3.20%,"$11,988 ","$10,561 "
454,453,Clorox,8000,455,"$5,761 ",1.70%,$648.00 ,11.70%,"$4,518 ","$17,294 "
455,454,Genesis Healthcare,82000,457,"$5,733 ",2.00%,($64.00),-,"$5,779 ",$408 
456,455,M&T Bank Corp.,16487,510,"$5,722 ",14.50%,"$1,315.10 ",21.80%,"$123,449 ","$23,792 "
457,456,Ingredion,11000,456,"$5,704 ",1.50%,$484.90 ,20.60%,"$5,782 ","$8,646 "
458,457,UGI,13105,384,"$5,686 ",-15.00%,$364.70 ,29.80%,"$10,847 ","$8,543 "
459,458,Owens Corning,16000,480,"$5,677 ",6.10%,$393.00 ,19.10%,"$7,741 ","$6,910 "
460,459,S&P Global,20000,481,"$5,661 ",6.60%,"$2,106.00 ",82.20%,"$8,669 ","$33,805 "
461,460,Markel,10900,476,"$5,612 ",4.50%,$455.70 ,-21.80%,"$25,875 ","$13,623 "
462,461,Wyndham Worldwide,37800,466,"$5,599 ",1.10%,$611.00 ,-0.20%,"$9,819 ","$8,829 "
463,462,Arthur J. Gallagher,24790,471,"$5,595 ",3.80%,$414.40 ,16.10%,"$11,490 ","$10,148 "
464,463,Burlington Stores,40000,500,"$5,591 ",9.00%,$215.90 ,43.50%,"$2,575 ","$6,836 "
465,464,First American Financial,19531,497,"$5,576 ",7.70%,$343.00 ,19.10%,"$8,832 ","$4,332 "
466,465,Symantec,11000,400,"$5,568 ",-14.40%,"$2,488.00 ",183.40%,"$11,767 ","$18,986 "
467,466,Patterson,7000,559,"$5,555 ",27.00%,$187.20 ,-16.20%,"$3,521 ","$4,393 "
468,467,Olin,6400,761,"$5,551 ",94.50%,($3.90),-,"$8,763 ","$5,444 "
469,468,NetApp,12030,422,"$5,546 ",-9.40%,$229.00 ,-59.10%,"$10,037 ","$11,339 "
470,469,Raymond James Financial,11900,482,"$5,520 ",4.00%,$529.40 ,5.40%,"$31,594 ","$10,958 "
471,470,TravelCenters of America,20259,439,"$5,511 ",-5.80%,($2.00),-107.30%,"$1,660 ",$241 
472,471,Fiserv,23000,492,"$5,505 ",4.80%,$930.00 ,30.60%,"$9,743 ","$24,741 "
473,472,Host Hotels & Resorts,220000,472,"$5,488 ",1.90%,$762.00 ,36.60%,"$11,408 ","$13,794 "
474,473,Insight Enterprises,5930,474,"$5,486 ",2.10%,$84.70 ,11.70%,"$2,219 ","$1,458 "
475,474,Mattel,32000,450,"$5,457 ",-4.30%,$318.00 ,-13.90%,"$6,494 ","$8,770 "
476,475,AmTrust Financial Services,8000,531,"$5,451 ",18.10%,$411.00 ,-8.80%,"$22,615 ","$3,158 "
477,476,Cincinnati Financial,4754,499,"$5,449 ",6.00%,$590.70 ,-6.80%,"$20,386 ","$11,911 "
478,477,Simon Property Group,4050,488,"$5,435 ",3.20%,"$1,838.90 ",0.60%,"$31,104 ","$53,732 "
479,478,Western Union,10700,468,"$5,423 ",-1.10%,$253.20 ,-69.80%,"$9,420 ","$9,691 "
480,479,KeyCorp,15700,540,"$5,422 ",19.40%,$791.00 ,-13.60%,"$136,453 ","$19,238 "
481,480,Delek US Holdings,1326,445,"$5,414 ",-6.00%,($153.70),-892.30%,"$2,985 ","$1,504 "
482,481,Booz Allen Hamilton Holding,22600,487,"$5,406 ",2.50%,$294.10 ,26.50%,"$3,010 ","$5,307 "
483,482,Chemours,7000,,"$5,400 ",-,$7.00 ,-,"$6,060 ","$7,080 "
484,483,Western & Southern Financial Group,2178,479,"$5,398 ",0.80%,$241.20 ,-47.20%,"$43,831 ",-
485,484,Celanese,7293,453,"$5,389 ",-5.00%,$900.00 ,196.10%,"$8,357 ","$12,643 "
486,485,Windstream Holdings,11870,443,"$5,387 ",-6.60%,($383.50),-,"$11,770 ","$1,038 "
487,486,Seaboard,11781,460,"$5,379 ",-3.80%,$312.00 ,82.50%,"$4,755 ","$4,881 "
488,487,Essendant,6600,477,"$5,369 ",0.10%,$63.90 ,-,"$2,164 ",$568 
489,488,Apache,3727,388,"$5,354 ",-19.50%,"($1,405.00)",-,"$22,519 ","$19,547 "
490,489,Airgas,17000,484,"$5,314 ",0.20%,$337.50 ,-8.30%,"$6,135 ",-
491,490,Kelly Services,7500,467,"$5,277 ",-4.40%,$120.80 ,124.50%,"$2,028 ",$836 
492,491,Liberty Media,3626,525,"$5,276 ",10.00%,$680.00 ,962.50%,"$31,377 ","$13,055 "
493,492,Rockwell Collins,19000,490,"$5,259 ",-0.10%,$728.00 ,6.10%,"$7,707 ","$12,711 "
494,493,Robert Half International,16400,503,"$5,250 ",3.10%,$343.40 ,-4.00%,"$1,778 ","$6,240 "
495,494,CH2M Hill,20000,478,"$5,236 ",-2.30%,$15.00 ,-81.30%,"$2,671 ",-
496,495,Big Lots,23150,495,"$5,200 ",0.20%,$152.80 ,7.00%,"$1,608 ","$2,180 "
497,496,Michaels Cos.,31000,517,"$5,197 ",5.80%,$378.20 ,4.20%,"$2,148 ","$4,229 "
498,497,Toll Brothers,4200,576,"$5,170 ",23.90%,$382.10 ,5.20%,"$9,737 ","$5,872 "
499,498,Yahoo,8500,513,"$5,169 ",4.00%,($214.30),-,"$48,083 ","$44,391 "
500,499,Vistra Energy,4431,,"$5,164 ",-,-,-,"$15,167 ","$6,968 "
501,500,ABM Industries,110000,485,"$5,145 ",-2.80%,$57.20 ,-25.00%,"$2,281 ","$2,428 "